[
    {
        "main_title": "特朗普签署行政令统一美国 AI 监管规则",
        "abstract_summary": "特朗普签署行政令推动联邦层面统一AI监管，限制州级立法权，引发科技行业与地方政府之间的激烈博弈。",
        "key_data": [
            {
                "label": "时间节点",
                "value": "90",
                "unit": "天"
            },
            {
                "label": "州数量",
                "value": "50",
                "unit": "个"
            }
        ],
        "bullet_points": [
            "成立‘人工智能诉讼工作组’，挑战被认为阻碍AI发展的州级法律，强化联邦统一监管立场。",
            "要求在90天内评估各州AI法规，并以联邦标准取代州法，影响加州、科罗拉多等州现有立法。",
            "通过限制不符合联邦政策的州获取宽带资金等方式施加压力，引发多州及部分共和党人反对。"
        ]
    },
    {
        "main_title": "《网络数据安全风险评估办法》落地：企业数据合规进入国家安全视角时代",
        "bullet_points": [
            "《网络数据安全风险评估办法（征求意见稿）》明确重要数据处理者须开展年度风险评估，报告最终报送至中央国家安全领导机构，首次将企业数据合规与国家安全直接挂钩。",
            "企业需建立数据分类分级、访问控制等内控体系，主动评估可规避强制监管风险，风险评估正成为数据治理常态化工具，推动法律要求向可执行机制转化。"
        ]
    },
    {
        "main_title": "吾律AI律师智能体上线超算商城：法律服务进入分钟级时代",
        "bullet_points": [
            "吾律AI律师智能体正式入驻超算互联网应用商城，2025年12月12日至2026年1月12日限时免费领取1个月使用权，基于千亿参数大模型与1.4亿+裁判文书训练，支持应收账款催收、电话谈判、劳动纠纷等场景的全流程自动化执行。",
            "从需求分析到结果交付全程自动推进，将传统需数天的法律流程压缩至几分钟，标志着AI法律服务从‘辅助建议’迈向‘直接办事’，推动专业法律资源向普惠化、即时化演进。"
        ]
    },
    {
        "main_title": "中伦律所被证监局警示：红圈所的合规失守",
        "bullet_points": [
            "重庆证监局对中伦律所发出警示函，因其未就办公场所变更、合伙人变动完成备案，且在IPO项目中未查诚信档案、底稿存在技术缺陷",
            "暴露头部律所在证券业务流程管理上的系统性疏漏，监管收紧下，合规执行力正成为法律科技赋能的关键突破口"
        ]
    },
    {
        "main_title": "Aderant × Harvey：首个AI法律工作与律所财务系统深度互联生态",
        "bullet_points": [
            "Aderant与Harvey达成战略合作，实现法律AI实务输出与律所管理软件（含账单、财务）的全流程数据打通，支持案件生命周期闭环管理。",
            "该集成直击大型律所运营痛点，首次将AI法律工作成果纳入财务与业务管理视图，推动法律科技从‘单点智能’迈向‘系统协同’新阶段。"
        ]
    }
]